-- WorkYeah 种子数据导入脚本
-- 在 Supabase SQL Editor 中执行

-- ============================================
-- 1. 插入用户数据
-- ============================================
INSERT INTO users (id, username, nickname, avatar, persona, tone, expertise, work_pattern, role) VALUES
  ('11111111-1111-1111-1111-111111111111', 'gudenaite', '古德奈特', '/static/gdnt.jpg', '专家型', '专业、高效、目标导向', ARRAY['项目管理', '需求分析', '团队协调'], '注重规划和执行，善于分配任务和把控进度', 'user'),
  ('22222222-2222-2222-2222-222222222222', 'xiaodao', '萧祷', '/static/xd.jpg', '新手型', '谨慎、求教、细致', ARRAY['文档编写', '资料整理', '细节完善'], '善于学习和请教，工作细致但需要指导', 'user'),
  ('33333333-3333-3333-3333-333333333333', 'yimoqianxing', '一墨乾行', '/static/ymqx.jpg', '视觉型', '创意、直观、注重美感', ARRAY['视觉设计', '图表制作', '界面优化'], '擅长将信息可视化，注重用户体验', 'user')
ON CONFLICT (id) DO NOTHING;

-- ============================================
-- 2. 插入 AI Agent 数据
-- ============================================
INSERT INTO ai_agents (id, name, avatar, color, persona, tone, expertise, work_pattern, is_system) VALUES
  ('aaaaaaaa-aaaa-aaaa-aaaa-aaaaaaaaaaaa', '小耶', '/static/littleyeah.png', '#4895ff', 'AI助手', '友好、专业、高效', ARRAY['任务分解', '文件解析', '智能建议'], '实时响应，智能分析，自动归档', true)
ON CONFLICT (id) DO NOTHING;

-- ============================================
-- 3. 插入项目数据
-- ============================================
INSERT INTO projects (id, name, description, type, cover, status, visibility, created_by) VALUES
  ('aaaa1111-1111-1111-1111-111111111111', '智慧养老APP', '基于IoT技术的全屋智能家居解决方案，支持语音控制和场景联动', 'IT开发', '/static/chair.png', 'active', 'private', '11111111-1111-1111-1111-111111111111'),
  ('bbbb2222-2222-2222-2222-222222222222', '辛亥革命论文', '关于辛亥革命的历史论文，包括背景分析、主要事件、历史影响三个部分', '人文报告', '/static/presentation.png', 'active', 'private', '22222222-2222-2222-2222-222222222222'),
  ('cccc3333-3333-3333-3333-333333333333', '营销分析报告', '市场营销策略分析和优化方案', '商业分析', '/static/module.png', 'active', 'private', '33333333-3333-3333-3333-333333333333')
ON CONFLICT (id) DO NOTHING;

-- ============================================
-- 4. 插入项目成员数据
-- ============================================
INSERT INTO project_members (project_id, user_id, role, workload) VALUES
  ('aaaa1111-1111-1111-1111-111111111111', '11111111-1111-1111-1111-111111111111', '队长', 30),
  ('aaaa1111-1111-1111-1111-111111111111', '22222222-2222-2222-2222-222222222222', 'member', 35),
  ('aaaa1111-1111-1111-1111-111111111111', '33333333-3333-3333-3333-333333333333', 'member', 85),
  ('bbbb2222-2222-2222-2222-222222222222', '22222222-2222-2222-2222-222222222222', '队长', 65),
  ('bbbb2222-2222-2222-2222-222222222222', '11111111-1111-1111-1111-111111111111', 'member', 30),
  ('bbbb2222-2222-2222-2222-222222222222', '33333333-3333-3333-3333-333333333333', 'member', 55),
  ('cccc3333-3333-3333-3333-333333333333', '33333333-3333-3333-3333-333333333333', '队长', 50),
  ('cccc3333-3333-3333-3333-333333333333', '11111111-1111-1111-1111-111111111111', 'member', 40),
  ('cccc3333-3333-3333-3333-333333333333', '22222222-2222-2222-2222-222222222222', 'member', 75)
ON CONFLICT DO NOTHING;

-- ============================================
-- 5. 插入任务数据 (智慧养老APP)
-- ============================================
INSERT INTO tasks (id, project_id, name, status, sort_order) VALUES
  ('task-1111-1111-1111-111111111111', 'aaaa1111-1111-1111-1111-111111111111', '1. 需求调研', 'in-progress', 1),
  ('task-1111-2222-2222-222222222222', 'aaaa1111-1111-1111-1111-111111111111', '2. 原型设计', 'pending', 2),
  ('task-1111-3333-3333-333333333333', 'aaaa1111-1111-1111-1111-111111111111', '3. 功能开发', 'pending', 3),
  ('task-1111-4444-4444-444444444444', 'aaaa1111-1111-1111-1111-111111111111', '4. 测试验收', 'pending', 4),
  ('task-1111-5555-5555-555555555555', 'aaaa1111-1111-1111-1111-111111111111', '5. 部署上线', 'pending', 5)
ON CONFLICT (id) DO NOTHING;

INSERT INTO tasks (id, project_id, name, status, sort_order) VALUES
  ('task-2222-1111-1111-111111111111', 'bbbb2222-2222-2222-2222-222222222222', '1. 资料收集', 'in-progress', 1),
  ('task-2222-2222-2222-222222222222', 'bbbb2222-2222-2222-2222-222222222222', '2. 背景分析', 'pending', 2),
  ('task-2222-3333-3333-333333333333', 'bbbb2222-2222-2222-2222-222222222222', '3. 主要事件', 'completed', 3),
  ('task-2222-4444-4444-444444444444', 'bbbb2222-2222-2222-2222-222222222222', '4. 历史影响', 'pending', 4),
  ('task-2222-5555-5555-555555555555', 'bbbb2222-2222-2222-2222-222222222222', '5. 论文整合', 'pending', 5)
ON CONFLICT (id) DO NOTHING;

-- ============================================
-- 6. 插入子任务数据
-- ============================================
INSERT INTO subtasks (task_id, name, status, assigned_to, sort_order) VALUES
  ('task-1111-1111-1111-111111111111', '1.1 用户访谈', 'in-progress', '11111111-1111-1111-1111-111111111111', 1),
  ('task-1111-1111-1111-111111111111', '1.2 功能优先级', 'pending', '22222222-2222-2222-2222-222222222222', 2),
  ('task-1111-1111-1111-111111111111', '1.3 竞品分析', 'pending', '33333333-3333-3333-3333-333333333333', 3),
  ('task-1111-2222-2222-222222222222', '2.1 低保真原型', 'pending', '11111111-1111-1111-1111-111111111111', 1),
  ('task-1111-2222-2222-222222222222', '2.2 高保真设计', 'pending', '22222222-2222-2222-2222-222222222222', 2),
  ('task-1111-2222-2222-222222222222', '2.3 交互设计', 'pending', '33333333-3333-3333-3333-333333333333', 3),
  ('task-1111-3333-3333-333333333333', '3.1 健康监测模块', 'pending', '11111111-1111-1111-1111-111111111111', 1),
  ('task-1111-3333-3333-333333333333', '3.2 用药提醒功能', 'pending', '22222222-2222-2222-2222-222222222222', 2),
  ('task-1111-3333-3333-333333333333', '3.3 紧急呼叫系统', 'pending', '33333333-3333-3333-3333-333333333333', 3),
  ('task-2222-1111-1111-111111111111', '1.1 一级文献筛选', 'in-progress', '11111111-1111-1111-1111-111111111111', 1),
  ('task-2222-1111-1111-111111111111', '1.2 二手资料阅读', 'pending', '22222222-2222-2222-2222-222222222222', 2),
  ('task-2222-1111-1111-111111111111', '1.3 史料考证与验证', 'pending', '33333333-3333-3333-3333-333333333333', 3),
  ('task-2222-3333-3333-333333333333', '3.1 武昌起义经过', 'completed', '11111111-1111-1111-1111-111111111111', 1),
  ('task-2222-3333-3333-333333333333', '3.2 各省响应情况', 'completed', '22222222-2222-2222-2222-222222222222', 2),
  ('task-2222-3333-3333-333333333333', '3.3 清廷退位过程', 'completed', '33333333-3333-3333-3333-333333333333', 3)
ON CONFLICT DO NOTHING;

-- ============================================
-- 7. 插入订阅计划数据
-- ============================================
INSERT INTO subscription_plans (id, name, price_monthly, price_yearly, features, is_popular, sort_order) VALUES
  ('plan-1111-1111-1111-111111111111', '免费版', 0, 0, '{"projects": 3, "storage": "500MB", "ai_calls": 50, "team_members": 3, "export": false, "priority_support": false}', false, 1),
  ('plan-2222-2222-2222-222222222222', '专业版', 29, 290, '{"projects": -1, "storage": "10GB", "ai_calls": 500, "team_members": 10, "export": true, "priority_support": false}', true, 2),
  ('plan-3333-3333-3333-333333333333', '团队版', 79, 790, '{"projects": -1, "storage": "100GB", "ai_calls": -1, "team_members": -1, "export": true, "priority_support": true}', false, 3)
ON CONFLICT (id) DO NOTHING;

-- ============================================
-- 8. 插入社区内容数据
-- ============================================
INSERT INTO community_items (title, badge, badge_color, author_id, likes, item_type) VALUES
  ('AI驱动的软件开发流程', '模板', '#4895ff', '11111111-1111-1111-1111-111111111111', 128, 'template'),
  ('智能客服系统完整解决方案', '项目', '#336df4', '22222222-2222-2222-2222-222222222222', 96, 'project'),
  ('寻找全栈工程师合作开发', '招募', '#4895ff', '33333333-3333-3333-3333-333333333333', 64, 'recruitment')
ON CONFLICT DO NOTHING;

SELECT '种子数据导入完成！' AS message;

